Date,Close
2009-05-04,16381.0498046875
2009-05-05,16430.080078125
2009-05-06,16834.5703125
2009-05-07,17217.890625
2009-05-08,17389.869140625
2009-05-11,17087.94921875
2009-05-12,17153.640625
2009-05-13,17059.619140625
2009-05-14,16541.689453125
2009-05-15,16790.69921875
2009-05-18,17022.91015625
2009-05-19,17544.029296875
2009-05-20,17475.83984375
2009-05-21,17199.490234375
2009-05-22,17062.51953125
2009-05-25,17121.8203125
2009-05-26,16991.560546875
2009-05-27,17885.26953125
2009-05-29,18171.0
2009-06-01,18888.58984375
2009-06-02,18389.080078125
2009-06-03,18576.470703125
2009-06-04,18502.76953125
2009-06-05,18679.529296875
2009-06-08,18253.390625
2009-06-09,18058.490234375
2009-06-10,18785.66015625
2009-06-11,18791.029296875
2009-06-12,18889.6796875
2009-06-15,18498.9609375
2009-06-16,18165.5
2009-06-17,18084.599609375
2009-06-18,17776.66015625
2009-06-19,17920.9296875
2009-06-22,18059.55078125
2009-06-23,17538.369140625
2009-06-24,17892.150390625
2009-06-25,18275.029296875
2009-06-26,18600.259765625
2009-06-29,18528.509765625
2009-06-30,18378.73046875
2009-07-02,18178.05078125
2009-07-03,18203.400390625
2009-07-06,17979.41015625
2009-07-07,17862.26953125
2009-07-08,17721.0703125
2009-07-09,17790.58984375
2009-07-10,17708.419921875
2009-07-13,17254.630859375
2009-07-14,17885.73046875
2009-07-15,18258.66015625
2009-07-16,18361.869140625
2009-07-17,18805.66015625
2009-07-20,19502.369140625
2009-07-21,19501.73046875
2009-07-22,19248.169921875
2009-07-23,19817.69921875
2009-07-24,19982.7890625
2009-07-27,20251.619140625
2009-07-28,20624.5390625
2009-07-29,20135.5
2009-07-30,20234.080078125
2009-07-31,20573.330078125
2009-08-03,20807.259765625
2009-08-04,20796.4296875
2009-08-05,20494.76953125
2009-08-06,20899.240234375
2009-08-07,20375.369140625
2009-08-10,20929.51953125
2009-08-11,21074.2109375
2009-08-12,20435.240234375
2009-08-13,20861.30078125
2009-08-14,20893.330078125
2009-08-17,20137.650390625
2009-08-18,20306.26953125
2009-08-19,19954.23046875
2009-08-20,20328.859375
2009-08-21,20199.01953125
2009-08-24,20535.939453125
2009-08-25,20435.240234375
2009-08-26,20456.3203125
2009-08-27,20242.75
2009-08-28,20098.619140625
2009-08-31,19724.189453125
2009-09-01,19872.30078125
2009-09-02,19522.0
2009-09-03,19761.6796875
2009-09-04,20318.619140625
2009-09-07,20629.310546875
2009-09-08,21069.810546875
2009-09-09,20851.0390625
2009-09-10,21069.560546875
2009-09-11,21161.419921875
2009-09-14,20932.19921875
2009-09-15,20866.369140625
2009-09-16,21402.919921875
2009-09-17,21768.509765625
2009-09-18,21623.44921875
2009-09-21,21472.849609375
2009-09-22,21701.140625
2009-09-23,21595.51953125
2009-09-24,21050.73046875
2009-09-25,21024.400390625
2009-09-28,20588.41015625
2009-09-29,21013.169921875
2009-09-30,20955.25
2009-10-02,20375.490234375
2009-10-05,20429.0703125
2009-10-06,20811.529296875
2009-10-07,21241.58984375
2009-10-08,21492.900390625
2009-10-09,21499.439453125
2009-10-12,21299.349609375
2009-10-13,21467.359375
2009-10-14,21886.48046875
2009-10-15,21999.080078125
2009-10-16,21929.900390625
2009-10-19,22200.4609375
2009-10-20,22384.9609375
2009-10-21,22318.109375
2009-10-22,22210.51953125
2009-10-23,22589.73046875
2009-10-27,22169.58984375
2009-10-28,21761.580078125
2009-10-29,21264.990234375
2009-10-30,21752.869140625
2009-11-02,21620.189453125
2009-11-03,21240.060546875
2009-11-04,21614.76953125
2009-11-05,21479.080078125
2009-11-06,21829.720703125
2009-11-09,22207.55078125
2009-11-10,22268.16015625
2009-11-11,22627.2109375
2009-11-12,22397.5703125
2009-11-13,22553.630859375
2009-11-16,22943.98046875
2009-11-17,22914.150390625
2009-11-18,22840.330078125
2009-11-19,22643.16015625
2009-11-20,22455.83984375
2009-11-23,22771.390625
2009-11-24,22423.140625
2009-11-25,22611.80078125
2009-11-26,22210.41015625
2009-11-27,21134.5
2009-11-30,21821.5
2009-12-01,22113.150390625
2009-12-02,22289.5703125
2009-12-03,22553.869140625
2009-12-04,22498.150390625
2009-12-07,22324.9609375
2009-12-08,22060.51953125
2009-12-09,21741.759765625
2009-12-10,21700.0390625
2009-12-11,21902.109375
2009-12-14,22085.75
2009-12-15,21813.919921875
2009-12-16,21611.740234375
2009-12-17,21347.630859375
2009-12-18,21175.880859375
2009-12-21,20948.099609375
2009-12-22,21092.0390625
2009-12-23,21328.740234375
2009-12-24,21517.0
2009-12-28,21480.220703125
2009-12-29,21499.439453125
2009-12-30,21496.619140625
2009-12-31,21872.5
2010-01-04,21823.279296875
2010-01-05,22279.580078125
2010-01-06,22416.669921875
2010-01-07,22269.44921875
2010-01-08,22296.75
2010-01-11,22411.51953125
2010-01-12,22326.640625
2010-01-13,21748.599609375
2010-01-14,21716.94921875
2010-01-15,21654.16015625
2010-01-18,21460.009765625
2010-01-19,21677.98046875
2010-01-20,21286.169921875
2010-01-21,20862.669921875
2010-01-22,20726.1796875
2010-01-25,20598.55078125
2010-01-26,20109.330078125
2010-01-27,20033.0703125
2010-01-28,20356.369140625
2010-01-29,20121.990234375
2010-02-01,20243.75
2010-02-02,20272.1796875
2010-02-03,20722.080078125
2010-02-04,20341.640625
2010-02-05,19665.080078125
2010-02-08,19550.890625
2010-02-09,19790.279296875
2010-02-10,19922.220703125
2010-02-11,20290.689453125
2010-02-12,20268.689453125
2010-02-17,20534.009765625
2010-02-18,20422.150390625
2010-02-19,19894.01953125
2010-02-22,20377.26953125
2010-02-23,20623.0
2010-02-24,20467.740234375
2010-02-25,20399.5703125
2010-02-26,20608.69921875
2010-03-01,21056.9296875
2010-03-02,20906.109375
2010-03-03,20876.7890625
2010-03-04,20575.779296875
2010-03-05,20787.970703125
2010-03-08,21196.869140625
2010-03-09,21207.55078125
2010-03-10,21208.2890625
2010-03-11,21228.19921875
2010-03-12,21209.740234375
2010-03-15,21079.099609375
2010-03-16,21022.9296875
2010-03-17,21384.490234375
2010-03-18,21330.669921875
2010-03-19,21370.8203125
2010-03-22,20933.25
2010-03-23,20987.779296875
2010-03-24,21008.619140625
2010-03-25,20778.55078125
2010-03-26,21053.109375
2010-03-29,21237.4296875
2010-03-30,21374.7890625
2010-03-31,21239.349609375
2010-04-01,21537.0
2010-04-07,21928.76953125
2010-04-08,21867.0390625
2010-04-09,22208.5
2010-04-12,22138.169921875
2010-04-13,22103.529296875
2010-04-14,22121.4296875
2010-04-15,22157.8203125
2010-04-16,21865.259765625
2010-04-19,21405.169921875
2010-04-20,21623.380859375
2010-04-21,21510.9296875
2010-04-22,21454.939453125
2010-04-23,21244.490234375
2010-04-26,21587.060546875
2010-04-27,21261.7890625
2010-04-28,20949.400390625
2010-04-29,20778.919921875
2010-04-30,21108.58984375
2010-05-03,20811.359375
2010-05-04,20763.05078125
2010-05-05,20327.5390625
2010-05-06,20133.41015625
2010-05-07,19920.2890625
2010-05-10,20426.640625
2010-05-11,20146.509765625
2010-05-12,20212.490234375
2010-05-13,20422.4609375
2010-05-14,20145.4296875
2010-05-17,19715.19921875
2010-05-18,19944.939453125
2010-05-19,19578.98046875
2010-05-20,19545.830078125
2010-05-24,19667.759765625
2010-05-25,18985.5
2010-05-26,19196.44921875
2010-05-27,19431.369140625
2010-05-28,19766.7109375
2010-05-31,19765.189453125
2010-06-01,19496.94921875
2010-06-02,19471.80078125
2010-06-03,19786.7109375
2010-06-04,19780.0703125
2010-06-07,19378.150390625
2010-06-08,19487.48046875
2010-06-09,19621.240234375
2010-06-10,19632.69921875
2010-06-11,19872.380859375
2010-06-14,20051.91015625
2010-06-15,20062.150390625
2010-06-17,20138.400390625
2010-06-18,20286.7109375
2010-06-21,20912.1796875
2010-06-22,20819.080078125
2010-06-23,20856.609375
2010-06-24,20733.490234375
2010-06-25,20690.7890625
2010-06-28,20726.6796875
2010-06-29,20248.900390625
2010-06-30,20128.990234375
2010-07-02,19905.3203125
2010-07-05,19842.19921875
2010-07-06,20084.119140625
2010-07-07,19857.0703125
2010-07-08,20050.560546875
2010-07-09,20378.66015625
2010-07-12,20467.4296875
2010-07-13,20431.060546875
2010-07-14,20560.810546875
2010-07-15,20255.619140625
2010-07-16,20250.16015625
2010-07-19,20090.94921875
2010-07-20,20264.58984375
2010-07-21,20487.23046875
2010-07-22,20589.69921875
2010-07-23,20815.330078125
2010-07-26,20839.91015625
2010-07-27,20973.390625
2010-07-28,21091.1796875
2010-07-29,21093.8203125
2010-07-30,21029.810546875
2010-08-02,21412.7890625
2010-08-03,21457.66015625
2010-08-04,21549.880859375
2010-08-05,21551.720703125
2010-08-06,21678.80078125
2010-08-09,21801.58984375
2010-08-10,21473.599609375
2010-08-11,21294.5390625
2010-08-12,21105.7109375
2010-08-13,21071.5703125
2010-08-16,21112.119140625
2010-08-17,21137.4296875
2010-08-18,21022.73046875
2010-08-19,21072.4609375
2010-08-20,20981.8203125
2010-08-23,20889.009765625
2010-08-24,20658.7109375
2010-08-25,20634.98046875
2010-08-26,20612.060546875
2010-08-27,20597.349609375
2010-08-30,20737.220703125
2010-08-31,20536.490234375
2010-09-01,20623.830078125
2010-09-02,20868.919921875
2010-09-03,20971.5
2010-09-06,21355.76953125
2010-09-07,21401.7890625
2010-09-08,21088.859375
2010-09-09,21167.26953125
2010-09-10,21257.390625
2010-09-13,21658.349609375
2010-09-14,21696.0390625
2010-09-15,21725.640625
2010-09-16,21691.44921875
2010-09-17,21970.859375
2010-09-20,21977.33984375
2010-09-21,22002.58984375
2010-09-22,22047.7109375
2010-09-24,22119.4296875
2010-09-27,22340.83984375
2010-09-28,22109.94921875
2010-09-29,22378.669921875
2010-09-30,22358.169921875
2010-10-04,22618.66015625
2010-10-05,22639.140625
2010-10-06,22880.41015625
2010-10-07,22884.3203125
2010-10-08,22944.1796875
2010-10-11,23207.310546875
2010-10-12,23121.69921875
2010-10-13,23457.689453125
2010-10-14,23852.169921875
2010-10-15,23757.630859375
2010-10-18,23469.380859375
2010-10-19,23763.73046875
2010-10-20,23556.5
2010-10-21,23649.48046875
2010-10-22,23517.5390625
2010-10-25,23627.91015625
2010-10-26,23601.240234375
2010-10-27,23164.580078125
2010-10-28,23210.859375
2010-10-29,23096.3203125
2010-11-01,23652.939453125
2010-11-02,23671.419921875
2010-11-03,24144.669921875
2010-11-04,24535.630859375
2010-11-05,24876.8203125
2010-11-08,24964.369140625
2010-11-09,24710.599609375
2010-11-10,24500.609375
2010-11-11,24700.30078125
2010-11-12,24222.580078125
2010-11-15,24027.1796875
2010-11-16,23693.01953125
2010-11-17,23214.4609375
2010-11-18,23637.390625
2010-11-19,23605.7109375
2010-11-22,23524.01953125
2010-11-23,22896.140625
2010-11-24,23023.859375
2010-11-25,23054.6796875
2010-11-26,22877.25
2010-11-29,23166.220703125
2010-11-30,23007.990234375
2010-12-01,23249.80078125
2010-12-02,23448.779296875
2010-12-03,23320.51953125
2010-12-06,23237.689453125
2010-12-07,23428.150390625
2010-12-08,23092.51953125
2010-12-09,23171.80078125
2010-12-10,23162.91015625
2010-12-13,23317.609375
2010-12-14,23431.189453125
2010-12-15,22975.349609375
2010-12-16,22668.779296875
2010-12-17,22714.849609375
2010-12-20,22639.080078125
2010-12-21,22993.859375
2010-12-22,23045.189453125
2010-12-23,22902.970703125
2010-12-24,22833.80078125
2010-12-28,22621.73046875
2010-12-29,22969.30078125
2010-12-30,22999.33984375
2010-12-31,23035.44921875
2011-01-03,23436.05078125
2011-01-04,23668.48046875
2011-01-05,23757.8203125
2011-01-06,23786.30078125
2011-01-07,23686.630859375
2011-01-10,23527.259765625
2011-01-11,23760.33984375
2011-01-12,24125.609375
2011-01-13,24238.98046875
2011-01-14,24283.23046875
2011-01-17,24156.970703125
2011-01-18,24153.98046875
2011-01-19,24419.619140625
2011-01-20,24003.69921875
2011-01-21,23876.859375
2011-01-24,23801.779296875
2011-01-25,23788.830078125
2011-01-26,23843.240234375
2011-01-27,23779.619140625
2011-01-28,23617.01953125
2011-01-31,23447.33984375
2011-02-01,23482.94921875
2011-02-02,23908.9609375
2011-02-07,23553.58984375
2011-02-08,23484.30078125
2011-02-09,23164.029296875
2011-02-10,22708.619140625
2011-02-11,22828.919921875
2011-02-14,23121.060546875
2011-02-15,22899.779296875
2011-02-16,23156.970703125
2011-02-17,23301.83984375
2011-02-18,23595.240234375
2011-02-21,23485.419921875
2011-02-22,22990.810546875
2011-02-23,22906.900390625
2011-02-24,22601.0390625
2011-02-25,23012.369140625
2011-02-28,23338.01953125
2011-03-01,23396.419921875
2011-03-02,23048.66015625
2011-03-03,23122.419921875
2011-03-04,23408.859375
2011-03-07,23313.189453125
2011-03-08,23711.69921875
2011-03-09,23810.109375
2011-03-10,23614.890625
2011-03-11,23249.779296875
2011-03-14,23345.880859375
2011-03-15,22678.25
2011-03-16,22700.880859375
2011-03-17,22284.4296875
2011-03-18,22300.23046875
2011-03-21,22685.220703125
2011-03-22,22857.900390625
2011-03-23,22825.400390625
2011-03-24,22915.279296875
2011-03-25,23158.669921875
2011-03-28,23068.189453125
2011-03-29,23060.359375
2011-03-30,23451.4296875
2011-03-31,23527.51953125
2011-04-01,23801.900390625
2011-04-04,24150.580078125
2011-04-06,24285.05078125
2011-04-07,24281.80078125
2011-04-08,24396.0703125
2011-04-11,24303.0703125
2011-04-12,23976.369140625
2011-04-13,24135.029296875
2011-04-14,24014.0
2011-04-15,24008.0703125
2011-04-18,23830.310546875
2011-04-19,23520.619140625
2011-04-20,23896.099609375
2011-04-21,24138.310546875
2011-04-26,24007.380859375
2011-04-27,23892.83984375
2011-04-28,23805.630859375
2011-04-29,23720.810546875
2011-05-03,23633.25
2011-05-04,23315.240234375
2011-05-05,23261.609375
2011-05-06,23159.140625
2011-05-09,23336.0
2011-05-11,23291.80078125
2011-05-12,23073.759765625
2011-05-13,23276.26953125
2011-05-16,22960.630859375
2011-05-17,22901.080078125
2011-05-18,23011.140625
2011-05-19,23163.380859375
2011-05-20,23199.390625
2011-05-23,22711.01953125
2011-05-24,22730.779296875
2011-05-25,22747.279296875
2011-05-26,22900.7890625
2011-05-27,23118.0703125
2011-05-30,23184.3203125
2011-05-31,23684.130859375
2011-06-01,23626.4296875
2011-06-02,23253.83984375
2011-06-03,22949.560546875
2011-06-07,22868.669921875
2011-06-08,22661.630859375
2011-06-09,22609.830078125
2011-06-10,22420.369140625
2011-06-13,22508.080078125
2011-06-14,22496.0
2011-06-15,22343.76953125
2011-06-16,21953.109375
2011-06-17,21695.259765625
2011-06-20,21599.509765625
2011-06-21,21850.58984375
2011-06-22,21859.970703125
2011-06-23,21759.140625
2011-06-24,22171.94921875
2011-06-27,22041.76953125
2011-06-28,22061.779296875
2011-06-29,22061.1796875
2011-06-30,22398.099609375
2011-07-04,22770.470703125
2011-07-05,22747.94921875
2011-07-06,22517.55078125
2011-07-07,22530.1796875
2011-07-08,22726.4296875
2011-07-11,22347.23046875
2011-07-12,21663.16015625
2011-07-13,21926.880859375
2011-07-14,21940.19921875
2011-07-15,21875.380859375
2011-07-18,21804.75
2011-07-19,21902.400390625
2011-07-20,22003.689453125
2011-07-21,21987.2890625
2011-07-22,22444.80078125
2011-07-25,22293.2890625
2011-07-26,22572.080078125
2011-07-27,22541.689453125
2011-07-28,22570.740234375
2011-07-29,22440.25
2011-08-01,22663.369140625
2011-08-02,22421.4609375
2011-08-03,21992.720703125
2011-08-04,21884.740234375
2011-08-05,20946.140625
2011-08-08,20490.5703125
2011-08-09,19330.69921875
2011-08-10,19783.669921875
2011-08-11,19595.140625
2011-08-12,19620.009765625
2011-08-15,20260.099609375
2011-08-16,20212.080078125
2011-08-17,20289.029296875
2011-08-18,20016.26953125
2011-08-19,19399.919921875
2011-08-22,19486.869140625
2011-08-23,19875.529296875
2011-08-24,19466.7890625
2011-08-25,19752.48046875
2011-08-26,19582.880859375
2011-08-29,19865.109375
2011-08-30,20204.169921875
2011-08-31,20534.849609375
2011-09-01,20585.330078125
2011-09-02,20212.91015625
2011-09-05,19616.400390625
2011-09-06,19710.5
2011-09-07,20048.0
2011-09-08,19912.8203125
2011-09-09,19866.630859375
2011-09-12,19030.5390625
2011-09-14,19045.439453125
2011-09-15,19181.5
2011-09-16,19455.310546875
2011-09-19,18917.94921875
2011-09-20,19014.80078125
2011-09-21,18824.169921875
2011-09-22,17911.94921875
2011-09-23,17668.830078125
2011-09-26,17407.80078125
2011-09-27,18130.55078125
2011-09-28,18011.060546875
2011-09-30,17592.41015625
2011-10-03,16822.150390625
2011-10-04,16250.26953125
2011-10-06,17172.279296875
2011-10-07,17707.009765625
2011-10-10,17711.060546875
2011-10-11,18141.58984375
2011-10-12,18329.4609375
2011-10-13,18757.810546875
2011-10-14,18501.7890625
2011-10-17,18873.990234375
2011-10-18,18076.4609375
2011-10-19,18309.220703125
2011-10-20,17983.099609375
2011-10-21,18025.720703125
2011-10-24,18771.8203125
2011-10-25,18968.19921875
2011-10-26,19066.5390625
2011-10-27,19688.69921875
2011-10-28,20019.240234375
2011-10-31,19864.869140625
2011-11-01,19369.9609375
2011-11-02,19733.7109375
2011-11-03,19242.5
2011-11-04,19842.7890625
2011-11-07,19677.890625
2011-11-08,19678.470703125
2011-11-09,20014.4296875
2011-11-10,18963.890625
2011-11-11,19137.169921875
2011-11-14,19508.1796875
2011-11-15,19348.439453125
2011-11-16,18960.900390625
2011-11-17,18817.470703125
2011-11-18,18491.23046875
2011-11-21,18225.849609375
2011-11-22,18251.58984375
2011-11-23,17864.4296875
2011-11-24,17935.099609375
2011-11-25,17689.48046875
2011-11-28,18037.810546875
2011-11-29,18256.19921875
2011-11-30,17989.349609375
2011-12-01,19002.259765625
2011-12-02,19040.390625
2011-12-05,19179.689453125
2011-12-06,18942.23046875
2011-12-07,19240.580078125
2011-12-08,19107.810546875
2011-12-09,18586.23046875
2011-12-12,18575.66015625
2011-12-13,18447.169921875
2011-12-14,18354.4296875
2011-12-15,18026.83984375
2011-12-16,18285.390625
2011-12-19,18070.2109375
2011-12-20,18080.19921875
2011-12-21,18416.44921875
2011-12-22,18378.23046875
2011-12-23,18629.169921875
2011-12-28,18518.669921875
2011-12-29,18397.919921875
2011-12-30,18434.390625
2012-01-03,18877.41015625
2012-01-04,18727.310546875
2012-01-05,18813.41015625
2012-01-06,18593.060546875
2012-01-09,18865.720703125
2012-01-10,19004.279296875
2012-01-11,19151.939453125
2012-01-12,19095.380859375
2012-01-13,19204.419921875
2012-01-16,19012.19921875
2012-01-17,19627.75
2012-01-18,19686.919921875
2012-01-19,19942.94921875
2012-01-20,20110.369140625
2012-01-26,20439.140625
2012-01-27,20501.669921875
2012-01-30,20160.41015625
2012-01-31,20390.490234375
2012-02-01,20333.369140625
2012-02-02,20739.44921875
2012-02-03,20756.98046875
2012-02-06,20709.939453125
2012-02-07,20699.189453125
2012-02-08,21018.4609375
2012-02-09,21010.009765625
2012-02-10,20783.859375
2012-02-13,20887.400390625
2012-02-14,20917.830078125
2012-02-15,21365.23046875
2012-02-16,21277.279296875
2012-02-17,21491.619140625
2012-02-20,21424.7890625
2012-02-21,21478.720703125
2012-02-22,21549.279296875
2012-02-23,21380.990234375
2012-02-24,21406.859375
2012-02-27,21217.859375
2012-02-28,21568.73046875
2012-02-29,21680.080078125
2012-03-01,21387.9609375
2012-03-02,21562.259765625
2012-03-05,21265.310546875
2012-03-06,20806.25
2012-03-07,20627.779296875
2012-03-08,20900.73046875
2012-03-09,21086.0
2012-03-12,21134.1796875
2012-03-13,21339.69921875
2012-03-14,21307.890625
2012-03-15,21353.529296875
2012-03-16,21317.849609375
2012-03-20,20888.240234375
2012-03-21,20856.630859375
2012-03-22,20901.560546875
2012-03-23,20668.80078125
2012-03-26,20668.859375
2012-03-27,21046.91015625
2012-03-28,20885.419921875
2012-03-29,20609.390625
2012-03-30,20555.580078125
2012-04-02,20522.259765625
2012-04-03,20790.98046875
2012-04-05,20593.0
2012-04-10,20356.240234375
2012-04-11,20140.669921875
2012-04-12,20327.3203125
2012-04-13,20701.0390625
2012-04-16,20610.640625
2012-04-17,20562.310546875
2012-04-18,20780.73046875
2012-04-19,20995.009765625
2012-04-20,21010.640625
2012-04-23,20624.390625
2012-04-24,20677.16015625
2012-04-25,20646.2890625
2012-04-26,20809.7109375
2012-04-27,20741.44921875
2012-04-30,21094.2109375
2012-05-02,21309.080078125
2012-05-03,21249.529296875
2012-05-04,21086.0
2012-05-07,20536.650390625
2012-05-08,20484.75
2012-05-09,20330.640625
2012-05-10,20227.279296875
2012-05-11,19964.630859375
2012-05-14,19735.0390625
2012-05-15,19894.310546875
2012-05-16,19259.830078125
2012-05-17,19200.9296875
2012-05-18,18951.849609375
2012-05-21,18922.3203125
2012-05-22,19039.150390625
2012-05-23,18786.189453125
2012-05-24,18666.400390625
2012-05-25,18713.41015625
2012-05-28,18800.990234375
2012-05-29,19055.4609375
2012-05-30,18690.220703125
2012-05-31,18629.51953125
2012-06-01,18558.33984375
2012-06-04,18185.58984375
2012-06-05,18259.029296875
2012-06-06,18520.529296875
2012-06-07,18678.2890625
2012-06-08,18502.33984375
2012-06-11,18953.630859375
2012-06-12,18872.560546875
2012-06-13,19026.51953125
2012-06-14,18808.400390625
2012-06-15,19233.939453125
2012-06-18,19427.810546875
2012-06-19,19416.669921875
2012-06-20,19518.849609375
2012-06-21,19265.0703125
2012-06-22,18995.130859375
2012-06-25,18897.44921875
2012-06-26,18981.83984375
2012-06-27,19176.94921875
2012-06-28,19025.26953125
2012-06-29,19441.4609375
2012-07-03,19735.529296875
2012-07-04,19709.75
2012-07-05,19809.130859375
2012-07-06,19800.640625
2012-07-09,19428.08984375
2012-07-10,19396.359375
2012-07-11,19419.869140625
2012-07-12,19025.109375
2012-07-13,19092.630859375
2012-07-16,19121.33984375
2012-07-17,19455.330078125
2012-07-18,19239.880859375
2012-07-19,19559.05078125
2012-07-20,19640.80078125
2012-07-23,19053.470703125
2012-07-24,18903.19921875
2012-07-25,18877.330078125
2012-07-26,18892.7890625
2012-07-27,19274.9609375
2012-07-30,19585.400390625
2012-07-31,19796.810546875
2012-08-01,19820.380859375
2012-08-02,19690.19921875
2012-08-03,19666.1796875
2012-08-06,19998.720703125
2012-08-07,20072.55078125
2012-08-08,20065.51953125
2012-08-09,20269.470703125
2012-08-10,20136.119140625
2012-08-13,20081.359375
2012-08-14,20291.6796875
2012-08-15,20052.2890625
2012-08-16,19962.94921875
2012-08-17,20116.0703125
2012-08-20,20104.26953125
2012-08-21,20100.08984375
2012-08-22,19887.779296875
2012-08-23,20132.240234375
2012-08-24,19880.029296875
2012-08-27,19798.669921875
2012-08-28,19811.80078125
2012-08-29,19788.509765625
2012-08-30,19552.91015625
2012-08-31,19482.5703125
2012-09-03,19559.2109375
2012-09-04,19429.91015625
2012-09-05,19145.0703125
2012-09-06,19209.30078125
2012-09-07,19802.16015625
2012-09-10,19827.169921875
2012-09-11,19857.880859375
2012-09-12,20075.390625
2012-09-13,20047.630859375
2012-09-14,20629.779296875
2012-09-17,20658.109375
2012-09-18,20601.9296875
2012-09-19,20841.91015625
2012-09-20,20590.919921875
2012-09-21,20734.939453125
2012-09-24,20694.69921875
2012-09-25,20698.6796875
2012-09-26,20527.73046875
2012-09-27,20762.2890625
2012-09-28,20840.380859375
2012-10-03,20888.279296875
2012-10-04,20907.94921875
2012-10-05,21012.380859375
2012-10-08,20824.560546875
2012-10-09,20937.279296875
2012-10-10,20919.599609375
2012-10-11,20999.05078125
2012-10-12,21136.4296875
2012-10-15,21148.25
2012-10-16,21207.0703125
2012-10-17,21416.640625
2012-10-18,21518.7109375
2012-10-19,21551.759765625
2012-10-22,21697.55078125
2012-10-24,21763.779296875
2012-10-25,21810.23046875
2012-10-26,21545.5703125
2012-10-29,21511.05078125
2012-10-30,21428.580078125
2012-10-31,21641.8203125
2012-11-01,21821.869140625
2012-11-02,22111.330078125
2012-11-05,22006.400390625
2012-11-06,21944.4296875
2012-11-07,22099.849609375
2012-11-08,21566.91015625
2012-11-09,21384.380859375
2012-11-12,21430.30078125
2012-11-13,21188.650390625
2012-11-14,21441.990234375
2012-11-15,21108.9296875
2012-11-16,21159.009765625
2012-11-19,21262.060546875
2012-11-20,21228.279296875
2012-11-21,21524.359375
2012-11-22,21743.19921875
2012-11-23,21913.98046875
2012-11-26,21861.810546875
2012-11-27,21844.029296875
2012-11-28,21708.98046875
2012-11-29,21922.890625
2012-11-30,22030.390625
2012-12-03,21767.849609375
2012-12-04,21799.970703125
2012-12-05,22270.91015625
2012-12-06,22249.810546875
2012-12-07,22191.169921875
2012-12-10,22276.720703125
2012-12-11,22323.939453125
2012-12-12,22503.349609375
2012-12-13,22445.580078125
2012-12-14,22605.98046875
2012-12-17,22513.609375
2012-12-18,22494.73046875
2012-12-19,22623.369140625
2012-12-20,22659.779296875
2012-12-21,22506.2890625
2012-12-24,22541.1796875
2012-12-27,22619.779296875
2012-12-28,22666.58984375
2012-12-31,22656.919921875
2013-01-02,23311.98046875
2013-01-03,23398.599609375
2013-01-04,23331.08984375
2013-01-07,23329.75
2013-01-08,23111.189453125
2013-01-09,23218.470703125
2013-01-10,23354.310546875
2013-01-11,23264.0703125
2013-01-14,23413.259765625
2013-01-15,23381.509765625
2013-01-16,23356.990234375
2013-01-17,23339.759765625
2013-01-18,23601.779296875
2013-01-21,23590.91015625
2013-01-22,23658.990234375
2013-01-23,23635.099609375
2013-01-24,23598.900390625
2013-01-25,23580.4296875
2013-01-28,23671.880859375
2013-01-29,23655.169921875
2013-01-30,23822.060546875
2013-01-31,23729.529296875
2013-02-01,23721.83984375
2013-02-04,23685.009765625
2013-02-05,23148.529296875
2013-02-06,23256.9296875
2013-02-07,23177.0
2013-02-08,23215.16015625
2013-02-14,23413.25
2013-02-15,23444.560546875
2013-02-18,23381.939453125
2013-02-19,23143.91015625
2013-02-20,23307.41015625
2013-02-21,22906.669921875
2013-02-22,22782.439453125
2013-02-25,22820.080078125
2013-02-26,22519.689453125
2013-02-27,22577.009765625
2013-02-28,23020.26953125
2013-03-01,22880.220703125
2013-03-04,22537.810546875
2013-03-05,22560.5
2013-03-06,22777.83984375
2013-03-07,22771.439453125
2013-03-08,23091.94921875
2013-03-11,23090.8203125
2013-03-12,22890.599609375
2013-03-13,22556.650390625
2013-03-14,22619.1796875
2013-03-15,22533.109375
2013-03-18,22083.359375
2013-03-19,22041.859375
2013-03-20,22256.439453125
2013-03-21,22225.880859375
2013-03-22,22115.30078125
2013-03-25,22251.150390625
2013-03-26,22311.080078125
2013-03-27,22464.8203125
2013-03-28,22299.630859375
2013-04-02,22367.8203125
2013-04-03,22337.490234375
2013-04-05,21726.900390625
2013-04-08,21718.05078125
2013-04-09,21870.33984375
2013-04-10,22034.560546875
2013-04-11,22101.26953125
2013-04-12,22089.05078125
2013-04-15,21772.669921875
2013-04-16,21672.029296875
2013-04-17,21569.669921875
2013-04-18,21512.51953125
2013-04-19,22013.5703125
2013-04-22,22044.369140625
2013-04-23,21806.609375
2013-04-24,22183.05078125
2013-04-25,22401.240234375
2013-04-26,22547.7109375
2013-04-29,22580.76953125
2013-04-30,22737.009765625
2013-05-02,22668.30078125
2013-05-03,22689.9609375
2013-05-06,22915.08984375
2013-05-07,23047.08984375
2013-05-08,23244.349609375
2013-05-09,23211.48046875
2013-05-10,23321.220703125
2013-05-13,22989.810546875
2013-05-14,22930.279296875
2013-05-15,23044.240234375
2013-05-16,23082.6796875
2013-05-20,23493.029296875
2013-05-21,23366.369140625
2013-05-22,23261.080078125
2013-05-23,22669.6796875
2013-05-24,22618.669921875
2013-05-27,22686.05078125
2013-05-28,22924.25
2013-05-29,22554.9296875
2013-05-30,22484.310546875
2013-05-31,22392.16015625
2013-06-03,22282.189453125
2013-06-04,22285.51953125
2013-06-05,22069.240234375
2013-06-06,21838.4296875
2013-06-07,21575.259765625
2013-06-10,21615.08984375
2013-06-11,21354.66015625
2013-06-13,20887.0390625
2013-06-14,20969.140625
2013-06-17,21225.900390625
2013-06-18,21225.880859375
2013-06-19,20986.890625
2013-06-20,20382.869140625
2013-06-21,20263.310546875
2013-06-24,19813.98046875
2013-06-25,19855.720703125
2013-06-26,20338.55078125
2013-06-27,20440.080078125
2013-06-28,20803.2890625
2013-07-02,20658.650390625
2013-07-03,20147.310546875
2013-07-04,20468.669921875
2013-07-05,20854.669921875
2013-07-08,20582.189453125
2013-07-09,20683.009765625
2013-07-10,20904.560546875
2013-07-11,21437.490234375
2013-07-12,21277.279296875
2013-07-15,21303.310546875
2013-07-16,21312.380859375
2013-07-17,21371.869140625
2013-07-18,21345.220703125
2013-07-19,21362.419921875
2013-07-22,21416.5
2013-07-23,21915.419921875
2013-07-24,21968.9296875
2013-07-25,21900.9609375
2013-07-26,21968.94921875
2013-07-29,21850.150390625
2013-07-30,21953.9609375
2013-07-31,21883.66015625
2013-08-01,22088.7890625
2013-08-02,22190.970703125
2013-08-05,22222.009765625
2013-08-06,21923.69921875
2013-08-07,21588.83984375
2013-08-08,21655.880859375
2013-08-09,21807.560546875
2013-08-12,22271.279296875
2013-08-13,22541.130859375
2013-08-15,22539.25
2013-08-16,22517.810546875
2013-08-19,22463.69921875
2013-08-20,21970.2890625
2013-08-21,21817.73046875
2013-08-22,21895.400390625
2013-08-23,21863.509765625
2013-08-26,22005.3203125
2013-08-27,21874.76953125
2013-08-28,21524.650390625
2013-08-29,21704.779296875
2013-08-30,21731.369140625
2013-09-02,22175.33984375
2013-09-03,22394.580078125
2013-09-04,22326.220703125
2013-09-05,22597.970703125
2013-09-06,22621.220703125
2013-09-09,22750.650390625
2013-09-10,22976.650390625
2013-09-11,22937.140625
2013-09-12,22953.720703125
2013-09-13,22915.279296875
2013-09-16,23252.41015625
2013-09-17,23180.51953125
2013-09-18,23117.44921875
2013-09-19,23502.509765625
2013-09-23,23371.5390625
2013-09-24,23179.0390625
2013-09-25,23209.630859375
2013-09-26,23125.029296875
2013-09-27,23207.0390625
2013-09-30,22859.859375
2013-10-02,22984.48046875
2013-10-03,23214.400390625
2013-10-04,23138.5390625
2013-10-07,22973.94921875
2013-10-08,23178.849609375
2013-10-09,23033.970703125
2013-10-10,22951.30078125
2013-10-11,23218.3203125
2013-10-15,23336.51953125
2013-10-16,23228.330078125
2013-10-17,23094.880859375
2013-10-18,23340.099609375
2013-10-21,23438.150390625
2013-10-22,23315.990234375
2013-10-23,22999.94921875
2013-10-24,22835.8203125
2013-10-25,22698.33984375
2013-10-28,22806.580078125
2013-10-29,22846.5390625
2013-10-30,23304.01953125
2013-10-31,23206.369140625
2013-11-01,23249.7890625
2013-11-04,23189.619140625
2013-11-05,23038.94921875
2013-11-06,23036.939453125
2013-11-07,22881.029296875
2013-11-08,22744.390625
2013-11-11,23069.849609375
2013-11-12,22901.41015625
2013-11-13,22463.830078125
2013-11-14,22649.150390625
2013-11-15,23032.150390625
2013-11-18,23660.060546875
2013-11-19,23657.810546875
2013-11-20,23700.859375
2013-11-21,23580.2890625
2013-11-22,23696.279296875
2013-11-25,23684.44921875
2013-11-26,23681.279296875
2013-11-27,23806.349609375
2013-11-28,23789.08984375
2013-11-29,23881.2890625
2013-12-02,24038.55078125
2013-12-03,23910.470703125
2013-12-04,23728.69921875
2013-12-05,23712.5703125
2013-12-06,23743.099609375
2013-12-09,23811.169921875
2013-12-10,23744.189453125
2013-12-11,23338.240234375
2013-12-12,23218.119140625
2013-12-13,23245.9609375
2013-12-16,23114.66015625
2013-12-17,23069.23046875
2013-12-18,23143.8203125
2013-12-19,22888.75
2013-12-20,22812.1796875
2013-12-23,22921.560546875
2013-12-24,23179.55078125
2013-12-27,23243.240234375
2013-12-30,23244.869140625
2013-12-31,23306.390625
2014-01-02,23340.05078125
2014-01-03,22817.279296875
2014-01-06,22684.150390625
2014-01-07,22712.779296875
2014-01-08,22996.58984375
2014-01-09,22787.330078125
2014-01-10,22846.25
2014-01-13,22888.759765625
2014-01-14,22791.279296875
2014-01-15,22902.0
2014-01-16,22986.41015625
2014-01-17,23133.349609375
2014-01-20,22928.94921875
2014-01-21,23033.119140625
2014-01-22,23082.25
2014-01-23,22733.900390625
2014-01-24,22450.060546875
2014-01-27,21976.099609375
2014-01-28,21960.640625
2014-01-29,22141.609375
2014-01-30,22035.419921875
2014-02-04,21397.76953125
2014-02-05,21269.380859375
2014-02-06,21423.130859375
2014-02-07,21636.849609375
2014-02-10,21579.259765625
2014-02-11,21962.98046875
2014-02-12,22285.7890625
2014-02-13,22165.529296875
2014-02-14,22298.41015625
2014-02-17,22535.939453125
2014-02-18,22587.720703125
2014-02-19,22664.51953125
2014-02-20,22394.080078125
2014-02-21,22568.240234375
2014-02-24,22388.560546875
2014-02-25,22317.19921875
2014-02-26,22437.439453125
2014-02-27,22828.1796875
2014-02-28,22836.9609375
2014-03-03,22500.669921875
2014-03-04,22657.630859375
2014-03-05,22579.779296875
2014-03-06,22702.970703125
2014-03-07,22660.490234375
2014-03-10,22264.9296875
2014-03-11,22269.609375
2014-03-12,21901.94921875
2014-03-13,21756.080078125
2014-03-14,21539.490234375
2014-03-17,21473.94921875
2014-03-18,21583.5
2014-03-19,21568.689453125
2014-03-20,21182.16015625
2014-03-21,21436.69921875
2014-03-24,21846.44921875
2014-03-25,21732.3203125
2014-03-26,21887.75
2014-03-27,21834.44921875
2014-03-28,22065.529296875
2014-03-31,22151.060546875
2014-04-01,22448.5390625
2014-04-02,22523.939453125
2014-04-03,22565.080078125
2014-04-04,22510.080078125
2014-04-07,22377.150390625
2014-04-08,22596.970703125
2014-04-09,22843.169921875
2014-04-10,23186.9609375
2014-04-11,23003.640625
2014-04-14,23038.80078125
2014-04-15,22671.259765625
2014-04-16,22696.009765625
2014-04-17,22760.240234375
2014-04-22,22730.6796875
2014-04-23,22509.640625
2014-04-24,22562.80078125
2014-04-25,22223.529296875
2014-04-28,22132.529296875
2014-04-29,22453.890625
2014-04-30,22133.970703125
2014-05-02,22260.669921875
2014-05-05,21976.330078125
2014-05-07,21746.259765625
2014-05-08,21837.119140625
2014-05-09,21862.990234375
2014-05-12,22261.609375
2014-05-13,22352.380859375
2014-05-14,22582.76953125
2014-05-15,22730.859375
2014-05-16,22712.91015625
2014-05-19,22704.5
2014-05-20,22834.6796875
2014-05-21,22836.51953125
2014-05-22,22953.759765625
2014-05-23,22965.859375
2014-05-26,22963.1796875
2014-05-27,22944.30078125
2014-05-28,23080.029296875
2014-05-29,23010.140625
2014-05-30,23081.650390625
2014-06-03,23291.0390625
2014-06-04,23151.7109375
2014-06-05,23109.66015625
2014-06-06,22951.0
2014-06-09,23117.470703125
2014-06-10,23315.740234375
2014-06-11,23257.2890625
2014-06-12,23175.01953125
2014-06-13,23319.169921875
2014-06-16,23300.669921875
2014-06-17,23203.58984375
2014-06-18,23181.720703125
2014-06-19,23167.73046875
2014-06-20,23194.060546875
2014-06-23,22804.810546875
2014-06-24,22880.640625
2014-06-25,22866.69921875
2014-06-26,23197.830078125
2014-06-27,23221.51953125
2014-06-30,23190.720703125
2014-07-02,23549.619140625
2014-07-03,23531.439453125
2014-07-04,23546.359375
2014-07-07,23540.919921875
2014-07-08,23541.380859375
2014-07-09,23176.0703125
2014-07-10,23238.990234375
2014-07-11,23233.44921875
2014-07-14,23346.669921875
2014-07-15,23459.9609375
2014-07-16,23523.279296875
2014-07-17,23520.869140625
2014-07-18,23454.7890625
2014-07-21,23387.140625
2014-07-22,23782.109375
2014-07-23,23971.869140625
2014-07-24,24141.5
2014-07-25,24216.009765625
2014-07-28,24428.630859375
2014-07-29,24640.529296875
2014-07-30,24732.2109375
2014-07-31,24756.849609375
2014-08-01,24532.4296875
2014-08-04,24600.080078125
2014-08-05,24648.259765625
2014-08-06,24584.130859375
2014-08-07,24387.560546875
2014-08-08,24331.41015625
2014-08-11,24646.01953125
2014-08-12,24689.41015625
2014-08-13,24890.33984375
2014-08-14,24801.359375
2014-08-15,24954.939453125
2014-08-18,24955.4609375
2014-08-19,25122.94921875
2014-08-20,25159.759765625
2014-08-21,24994.099609375
2014-08-22,25112.23046875
2014-08-25,25166.91015625
2014-08-26,25074.5
2014-08-27,24918.75
2014-08-28,24741.0
2014-08-29,24742.060546875
2014-09-01,24752.08984375
2014-09-02,24749.01953125
2014-09-03,25317.94921875
2014-09-04,25297.919921875
2014-09-05,25240.150390625
2014-09-08,25190.44921875
2014-09-10,24705.359375
2014-09-11,24662.640625
2014-09-12,24595.3203125
2014-09-15,24356.990234375
2014-09-16,24136.009765625
2014-09-17,24376.41015625
2014-09-18,24168.720703125
2014-09-19,24306.16015625
2014-09-22,23955.490234375
2014-09-23,23837.0703125
2014-09-24,23921.609375
2014-09-25,23768.130859375
2014-09-26,23678.41015625
2014-09-29,23229.2109375
2014-09-30,22932.98046875
2014-10-03,23064.560546875
2014-10-06,23315.0390625
2014-10-07,23422.51953125
2014-10-08,23263.330078125
2014-10-09,23534.529296875
2014-10-10,23088.5390625
2014-10-13,23143.380859375
2014-10-14,23047.970703125
2014-10-15,23140.05078125
2014-10-16,22900.939453125
2014-10-17,23023.2109375
2014-10-20,23070.259765625
2014-10-21,23088.580078125
2014-10-22,23403.970703125
2014-10-23,23333.1796875
2014-10-24,23302.19921875
2014-10-27,23143.23046875
2014-10-28,23520.359375
2014-10-29,23819.869140625
2014-10-30,23702.0390625
2014-10-31,23998.060546875
2014-11-03,23915.970703125
2014-11-04,23845.66015625
2014-11-05,23695.619140625
2014-11-06,23649.310546875
2014-11-07,23550.240234375
2014-11-10,23744.69921875
2014-11-11,23808.279296875
2014-11-12,23938.1796875
2014-11-13,24019.939453125
2014-11-14,24087.380859375
2014-11-17,23797.080078125
2014-11-18,23529.169921875
2014-11-19,23373.310546875
2014-11-20,23349.640625
2014-11-21,23437.119140625
2014-11-24,23893.140625
2014-11-25,23843.91015625
2014-11-26,24111.98046875
2014-11-27,24004.279296875
2014-11-28,23987.44921875
2014-12-01,23367.44921875
2014-12-02,23654.30078125
2014-12-03,23428.619140625
2014-12-04,23832.560546875
2014-12-05,24002.640625
2014-12-08,24047.669921875
2014-12-09,23485.830078125
2014-12-10,23524.51953125
2014-12-11,23312.5390625
2014-12-12,23249.19921875
2014-12-15,23027.849609375
2014-12-16,22670.5
2014-12-17,22585.83984375
2014-12-18,22832.2109375
2014-12-19,23116.630859375
2014-12-22,23408.5703125
2014-12-23,23333.689453125
2014-12-24,23349.33984375
2014-12-29,23773.1796875
2014-12-30,23501.099609375
2014-12-31,23605.0390625
2015-01-02,23721.30078125
2015-01-05,23721.3203125
2015-01-06,23485.41015625
2015-01-07,23681.259765625
2015-01-08,23835.529296875
2015-01-09,23919.94921875
2015-01-12,24026.4609375
2015-01-13,24215.970703125
2015-01-14,24112.599609375
2015-01-15,24350.91015625
2015-01-16,24103.51953125
2015-01-19,23738.490234375
2015-01-20,23951.16015625
2015-01-21,24352.580078125
2015-01-22,24522.630859375
2015-01-23,24850.44921875
2015-01-26,24909.900390625
2015-01-27,24807.279296875
2015-01-28,24861.810546875
2015-01-29,24595.849609375
2015-01-30,24507.05078125
2015-02-02,24484.740234375
2015-02-03,24554.779296875
2015-02-04,24679.759765625
2015-02-05,24765.490234375
2015-02-06,24679.390625
2015-02-09,24521.0
2015-02-10,24528.099609375
2015-02-11,24315.01953125
2015-02-12,24422.150390625
2015-02-13,24682.5390625
2015-02-16,24726.529296875
2015-02-17,24784.880859375
2015-02-18,24832.080078125
2015-02-23,24836.759765625
2015-02-24,24750.0703125
2015-02-25,24778.279296875
2015-02-26,24902.060546875
2015-02-27,24823.2890625
2015-03-02,24887.439453125
2015-03-03,24702.779296875
2015-03-04,24465.380859375
2015-03-05,24193.0390625
2015-03-06,24164.0
2015-03-09,24123.05078125
2015-03-10,23896.98046875
2015-03-11,23717.970703125
2015-03-12,23797.9609375
2015-03-13,23823.2109375
2015-03-16,23949.55078125
2015-03-17,23901.490234375
2015-03-18,24120.080078125
2015-03-19,24468.890625
2015-03-20,24375.240234375
2015-03-23,24494.509765625
2015-03-24,24399.599609375
2015-03-25,24528.23046875
2015-03-26,24497.080078125
2015-03-27,24486.19921875
2015-03-30,24855.119140625
2015-03-31,24900.890625
2015-04-01,25082.75
2015-04-02,25275.640625
2015-04-08,26236.859375
2015-04-09,26944.390625
2015-04-10,27272.390625
2015-04-13,28016.33984375
2015-04-14,27561.490234375
2015-04-15,27618.8203125
2015-04-16,27739.7109375
2015-04-17,27653.119140625
2015-04-20,27094.9296875
2015-04-21,27850.490234375
2015-04-22,27933.849609375
2015-04-23,27827.69921875
2015-04-24,28060.98046875
2015-04-27,28433.58984375
2015-04-28,28442.75
2015-04-29,28400.33984375
2015-04-30,28133.0
2015-05-04,28123.8203125
2015-05-05,27755.5390625
2015-05-06,27640.91015625
2015-05-07,27289.970703125
2015-05-08,27577.33984375
2015-05-11,27718.19921875
2015-05-12,27407.1796875
2015-05-13,27249.279296875
2015-05-14,27286.55078125
2015-05-15,27822.279296875
2015-05-18,27591.25
2015-05-19,27693.5390625
2015-05-20,27585.05078125
2015-05-21,27523.720703125
2015-05-22,27992.830078125
2015-05-26,28249.859375
2015-05-27,28081.2109375
2015-05-28,27454.310546875
2015-05-29,27424.189453125
2015-06-01,27597.16015625
2015-06-02,27466.720703125
2015-06-03,27657.470703125
2015-06-04,27551.890625
2015-06-05,27260.16015625
2015-06-08,27316.279296875
2015-06-09,26989.51953125
2015-06-10,26687.640625
2015-06-11,26907.849609375
2015-06-12,27280.5390625
2015-06-15,26861.810546875
2015-06-16,26566.69921875
2015-06-17,26753.7890625
2015-06-18,26694.66015625
2015-06-19,26760.529296875
2015-06-22,27080.849609375
2015-06-23,27333.4609375
2015-06-24,27404.970703125
2015-06-25,27145.75
2015-06-26,26663.869140625
2015-06-29,25966.98046875
2015-06-30,26250.029296875
2015-07-02,26282.3203125
2015-07-03,26064.109375
2015-07-06,25236.279296875
2015-07-07,24975.310546875
2015-07-08,23516.560546875
2015-07-09,24392.7890625
2015-07-10,24901.279296875
2015-07-13,25224.009765625
2015-07-14,25120.91015625
2015-07-15,25055.759765625
2015-07-16,25162.779296875
2015-07-17,25415.26953125
2015-07-20,25404.810546875
2015-07-21,25536.4296875
2015-07-22,25282.619140625
2015-07-23,25398.849609375
2015-07-24,25128.509765625
2015-07-27,24351.9609375
2015-07-28,24503.939453125
2015-07-29,24619.44921875
2015-07-30,24497.98046875
2015-07-31,24636.279296875
2015-08-03,24411.419921875
2015-08-04,24406.119140625
2015-08-05,24514.16015625
2015-08-06,24375.279296875
2015-08-07,24552.470703125
2015-08-10,24521.119140625
2015-08-11,24498.2109375
2015-08-12,23916.01953125
2015-08-13,24018.80078125
2015-08-14,23991.029296875
2015-08-17,23814.650390625
2015-08-18,23474.970703125
2015-08-19,23167.849609375
2015-08-20,22757.470703125
2015-08-21,22409.619140625
2015-08-24,21251.5703125
2015-08-25,21404.9609375
2015-08-26,21080.390625
2015-08-27,21838.5390625
2015-08-28,21612.390625
2015-08-31,21670.580078125
2015-09-01,21185.4296875
2015-09-02,20934.939453125
2015-09-04,20840.609375
2015-09-07,20583.51953125
2015-09-08,21259.0390625
2015-09-09,22131.310546875
2015-09-10,21562.5
2015-09-11,21504.369140625
2015-09-14,21561.900390625
2015-09-15,21455.23046875
2015-09-16,21966.66015625
2015-09-17,21854.630859375
2015-09-18,21920.830078125
2015-09-21,21756.9296875
2015-09-22,21796.580078125
2015-09-23,21302.91015625
2015-09-24,21095.98046875
2015-09-25,21186.3203125
2015-09-29,20556.599609375
2015-09-30,20846.30078125
2015-10-02,21506.08984375
2015-10-05,21854.5
2015-10-06,21831.619140625
2015-10-07,22515.759765625
2015-10-08,22354.91015625
2015-10-09,22458.80078125
2015-10-12,22730.9296875
2015-10-13,22600.4609375
2015-10-14,22439.91015625
2015-10-15,22888.169921875
2015-10-16,23067.369140625
2015-10-19,23075.609375
2015-10-20,22989.220703125
2015-10-22,22845.369140625
2015-10-23,23151.939453125
2015-10-26,23116.25
2015-10-27,23142.73046875
2015-10-28,22956.5703125
2015-10-29,22819.939453125
2015-10-30,22640.0390625
2015-11-02,22370.0390625
2015-11-03,22568.4296875
2015-11-04,23053.5703125
2015-11-05,23051.0390625
2015-11-06,22867.330078125
2015-11-09,22726.76953125
2015-11-10,22401.69921875
2015-11-11,22352.169921875
2015-11-12,22888.919921875
2015-11-13,22396.140625
2015-11-16,22010.8203125
2015-11-17,22264.25
2015-11-18,22188.259765625
2015-11-19,22500.220703125
2015-11-20,22754.720703125
2015-11-23,22665.900390625
2015-11-24,22587.630859375
2015-11-25,22498.0
2015-11-26,22488.939453125
2015-11-27,22068.3203125
2015-11-30,21996.419921875
2015-12-01,22381.349609375
2015-12-02,22479.689453125
2015-12-03,22417.009765625
2015-12-04,22235.890625
2015-12-07,22203.220703125
2015-12-08,21905.130859375
2015-12-09,21803.759765625
2015-12-10,21704.609375
2015-12-11,21464.05078125
2015-12-14,21309.849609375
2015-12-15,21274.369140625
2015-12-16,21701.2109375
2015-12-17,21872.060546875
2015-12-18,21755.560546875
2015-12-21,21791.6796875
2015-12-22,21830.01953125
2015-12-23,22040.58984375
2015-12-24,22138.130859375
2015-12-28,21919.619140625
2015-12-29,21999.619140625
2015-12-30,21882.150390625
2015-12-31,21914.400390625
2016-01-04,21327.119140625
2016-01-05,21188.720703125
2016-01-06,20980.810546875
2016-01-07,20333.33984375
2016-01-08,20453.7109375
2016-01-11,19888.5
2016-01-12,19711.759765625
2016-01-13,19934.880859375
2016-01-14,19817.41015625
2016-01-15,19520.76953125
2016-01-18,19237.44921875
2016-01-19,19635.810546875
2016-01-20,18886.30078125
2016-01-21,18542.150390625
2016-01-22,19080.509765625
2016-01-25,19340.140625
2016-01-26,18860.80078125
2016-01-27,19052.44921875
2016-01-28,19195.830078125
2016-01-29,19683.109375
2016-02-01,19595.5
2016-02-02,19446.83984375
2016-02-03,18991.58984375
2016-02-04,19183.08984375
2016-02-05,19288.169921875
2016-02-11,18545.80078125
2016-02-12,18319.580078125
2016-02-15,18918.140625
2016-02-16,19122.080078125
2016-02-17,18924.5703125
2016-02-18,19363.080078125
2016-02-19,19285.5
2016-02-22,19464.08984375
2016-02-23,19414.779296875
2016-02-24,19192.44921875
2016-02-25,18888.75
2016-02-26,19364.150390625
2016-02-29,19111.9296875
2016-03-01,19407.4609375
2016-03-02,20003.490234375
2016-03-03,19941.759765625
2016-03-04,20176.69921875
2016-03-07,20159.720703125
2016-03-08,20011.580078125
2016-03-09,19996.259765625
2016-03-10,19984.419921875
2016-03-11,20199.599609375
2016-03-14,20435.33984375
2016-03-15,20288.76953125
2016-03-16,20257.69921875
2016-03-17,20503.810546875
2016-03-18,20671.630859375
2016-03-21,20684.150390625
2016-03-22,20666.75
2016-03-23,20615.23046875
2016-03-24,20345.609375
2016-03-29,20366.30078125
2016-03-30,20803.390625
2016-03-31,20776.69921875
2016-04-01,20498.919921875
2016-04-05,20177.0
2016-04-06,20206.669921875
2016-04-07,20266.05078125
2016-04-08,20370.400390625
2016-04-11,20440.810546875
2016-04-12,20504.439453125
2016-04-13,21158.7109375
2016-04-14,21337.810546875
2016-04-15,21316.470703125
2016-04-18,21161.5
2016-04-19,21436.2109375
2016-04-20,21236.310546875
2016-04-21,21622.25
2016-04-22,21467.0390625
2016-04-25,21304.439453125
2016-04-26,21407.26953125
2016-04-27,21361.599609375
2016-04-28,21388.029296875
2016-04-29,21067.05078125
2016-05-03,20676.939453125
2016-05-04,20525.830078125
2016-05-05,20449.8203125
2016-05-06,20109.869140625
2016-05-09,20156.810546875
2016-05-10,20242.6796875
2016-05-11,20055.2890625
2016-05-12,19915.4609375
2016-05-13,19719.2890625
2016-05-16,19883.94921875
2016-05-17,20118.80078125
2016-05-18,19826.41015625
2016-05-19,19694.330078125
2016-05-20,19852.19921875
2016-05-23,19809.029296875
2016-05-24,19830.4296875
2016-05-25,20368.05078125
2016-05-26,20397.109375
2016-05-27,20576.76953125
2016-05-30,20629.390625
2016-05-31,20815.08984375
2016-06-01,20760.98046875
2016-06-02,20859.220703125
2016-06-03,20947.240234375
2016-06-06,21030.220703125
2016-06-07,21328.240234375
2016-06-08,21297.880859375
2016-06-10,21042.640625
2016-06-13,20512.990234375
2016-06-14,20387.529296875
2016-06-15,20467.51953125
2016-06-16,20038.419921875
2016-06-17,20169.98046875
2016-06-20,20510.19921875
2016-06-21,20668.439453125
2016-06-22,20795.119140625
2016-06-23,20868.33984375
2016-06-24,20259.130859375
2016-06-27,20227.30078125
2016-06-28,20172.4609375
2016-06-29,20436.119140625
2016-06-30,20794.369140625
2016-07-04,21059.19921875
2016-07-05,20750.720703125
2016-07-06,20495.2890625
2016-07-07,20706.919921875
2016-07-08,20564.169921875
2016-07-11,20880.5
2016-07-12,21224.740234375
2016-07-13,21322.369140625
2016-07-14,21561.060546875
2016-07-15,21659.25
2016-07-18,21803.1796875
2016-07-19,21673.19921875
2016-07-20,21882.48046875
2016-07-21,22000.490234375
2016-07-22,21964.26953125
2016-07-25,21993.439453125
2016-07-26,22129.73046875
2016-07-27,22218.990234375
2016-07-28,22174.33984375
2016-07-29,21891.369140625
2016-08-01,22129.140625
2016-08-03,21739.119140625
2016-08-04,21832.23046875
2016-08-05,22146.08984375
2016-08-08,22494.759765625
2016-08-09,22465.609375
2016-08-10,22492.4296875
2016-08-11,22580.55078125
2016-08-12,22766.91015625
2016-08-15,22932.509765625
2016-08-16,22910.83984375
2016-08-17,22799.779296875
2016-08-18,23023.16015625
2016-08-19,22937.220703125
2016-08-22,22997.91015625
2016-08-23,22998.9296875
2016-08-24,22820.779296875
2016-08-25,22814.94921875
2016-08-26,22909.5390625
2016-08-29,22821.33984375
2016-08-30,23016.109375
2016-08-31,22976.880859375
2016-09-01,23162.33984375
2016-09-02,23266.69921875
2016-09-05,23649.55078125
2016-09-06,23787.6796875
2016-09-07,23741.810546875
2016-09-08,23919.33984375
2016-09-09,24099.69921875
2016-09-12,23290.599609375
2016-09-13,23215.759765625
2016-09-14,23190.640625
2016-09-15,23335.58984375
2016-09-19,23550.44921875
2016-09-20,23530.859375
2016-09-21,23669.900390625
2016-09-22,23759.80078125
2016-09-23,23686.48046875
2016-09-26,23317.919921875
2016-09-27,23571.900390625
2016-09-28,23619.650390625
2016-09-29,23739.470703125
2016-09-30,23297.150390625
2016-10-03,23584.4296875
2016-10-04,23689.439453125
2016-10-05,23788.310546875
2016-10-06,23952.5
2016-10-07,23851.8203125
2016-10-11,23549.51953125
2016-10-12,23407.05078125
2016-10-13,23031.30078125
2016-10-14,23233.310546875
2016-10-17,23037.5390625
2016-10-18,23394.390625
2016-10-19,23304.970703125
2016-10-20,23374.400390625
2016-10-24,23604.080078125
2016-10-25,23565.109375
2016-10-26,23325.4296875
2016-10-27,23132.349609375
2016-10-28,22954.810546875
2016-10-31,22934.5390625
2016-11-01,23147.0703125
2016-11-02,22810.5
2016-11-03,22683.509765625
2016-11-04,22642.619140625
2016-11-07,22801.400390625
2016-11-08,22909.470703125
2016-11-09,22415.189453125
2016-11-10,22839.109375
2016-11-11,22531.08984375
2016-11-14,22222.220703125
2016-11-15,22323.91015625
2016-11-16,22280.529296875
2016-11-17,22262.880859375
2016-11-18,22344.2109375
2016-11-21,22357.779296875
2016-11-22,22678.0703125
2016-11-23,22676.689453125
2016-11-24,22608.490234375
2016-11-25,22723.44921875
2016-11-28,22830.5703125
2016-11-29,22737.0703125
2016-11-30,22789.76953125
2016-12-01,22878.23046875
2016-12-02,22564.8203125
2016-12-05,22505.55078125
2016-12-06,22675.150390625
2016-12-07,22800.919921875
2016-12-08,22861.83984375
2016-12-09,22760.98046875
2016-12-12,22433.01953125
2016-12-13,22446.69921875
2016-12-14,22456.619140625
2016-12-15,22059.400390625
2016-12-16,22020.75
2016-12-19,21832.6796875
2016-12-20,21729.060546875
2016-12-21,21809.80078125
2016-12-22,21636.19921875
2016-12-23,21574.759765625
2016-12-28,21754.740234375
2016-12-29,21790.91015625
2016-12-30,22000.560546875
2017-01-03,22150.400390625
2017-01-04,22134.470703125
2017-01-05,22456.689453125
2017-01-06,22503.009765625
2017-01-09,22558.689453125
2017-01-10,22744.849609375
2017-01-11,22935.349609375
2017-01-12,22829.01953125
2017-01-13,22937.380859375
2017-01-16,22718.150390625
2017-01-17,22840.970703125
2017-01-18,23098.259765625
2017-01-19,23049.9609375
2017-01-20,22885.91015625
2017-01-23,22898.51953125
2017-01-24,22949.859375
2017-01-25,23049.119140625
2017-01-26,23374.169921875
2017-01-27,23360.779296875
2017-02-01,23318.390625
2017-02-02,23184.51953125
2017-02-03,23129.2109375
2017-02-06,23348.240234375
2017-02-07,23331.5703125
2017-02-08,23485.130859375
2017-02-09,23525.140625
2017-02-10,23574.98046875
2017-02-13,23710.98046875
2017-02-14,23703.009765625
2017-02-15,23994.869140625
2017-02-16,24107.69921875
2017-02-17,24033.740234375
2017-02-20,24146.080078125
2017-02-21,23963.630859375
2017-02-22,24201.9609375
2017-02-23,24114.859375
2017-02-24,23965.69921875
2017-02-27,23925.05078125
2017-02-28,23740.73046875
2017-03-01,23776.490234375
2017-03-02,23728.0703125
2017-03-03,23552.720703125
2017-03-06,23596.279296875
2017-03-07,23681.0703125
2017-03-08,23782.26953125
2017-03-09,23501.560546875
2017-03-10,23568.669921875
2017-03-13,23829.669921875
2017-03-14,23827.94921875
2017-03-15,23792.849609375
2017-03-16,24288.279296875
2017-03-17,24309.9296875
2017-03-20,24501.990234375
2017-03-21,24593.119140625
2017-03-22,24320.41015625
2017-03-23,24327.69921875
2017-03-24,24358.26953125
2017-03-27,24193.69921875
2017-03-28,24345.869140625
2017-03-29,24392.05078125
2017-03-30,24301.08984375
2017-03-31,24111.58984375
2017-04-03,24261.48046875
2017-04-05,24400.80078125
2017-04-06,24273.720703125
2017-04-07,24267.30078125
2017-04-10,24262.1796875
2017-04-11,24088.4609375
2017-04-12,24313.5
2017-04-13,24261.66015625
2017-04-18,23924.5390625
2017-04-19,23825.880859375
2017-04-20,24056.98046875
2017-04-21,24042.01953125
2017-04-24,24139.48046875
2017-04-25,24455.939453125
2017-04-26,24578.4296875
2017-04-27,24698.48046875
2017-04-28,24615.130859375
2017-05-02,24696.130859375
2017-05-04,24683.880859375
2017-05-05,24476.349609375
2017-05-08,24577.91015625
2017-05-09,24889.029296875
2017-05-10,25015.419921875
2017-05-11,25125.55078125
2017-05-12,25156.33984375
2017-05-15,25371.58984375
2017-05-16,25335.939453125
2017-05-17,25293.630859375
2017-05-18,25136.51953125
2017-05-19,25174.869140625
2017-05-22,25391.33984375
2017-05-23,25403.150390625
2017-05-24,25428.5
2017-05-25,25630.779296875
2017-05-26,25639.26953125
2017-05-29,25701.630859375
2017-05-31,25660.650390625
2017-06-01,25809.220703125
2017-06-02,25924.05078125
2017-06-05,25862.990234375
2017-06-06,25997.140625
2017-06-07,25974.16015625
2017-06-08,26063.060546875
2017-06-09,26030.2890625
2017-06-12,25708.0390625
2017-06-13,25852.099609375
2017-06-14,25875.900390625
2017-06-15,25565.33984375
2017-06-16,25626.490234375
2017-06-19,25924.55078125
2017-06-20,25843.0390625
2017-06-21,25694.580078125
2017-06-22,25674.529296875
2017-06-23,25670.05078125
2017-06-26,25871.890625
2017-06-27,25839.990234375
2017-06-28,25683.5
2017-06-29,25965.419921875
2017-06-30,25764.580078125
2017-07-03,25784.169921875
2017-07-04,25389.009765625
2017-07-05,25521.970703125
2017-07-06,25465.220703125
2017-07-07,25340.849609375
2017-07-10,25500.060546875
2017-07-11,25877.640625
2017-07-12,26043.640625
2017-07-13,26346.169921875
2017-07-14,26389.23046875
2017-07-17,26470.580078125
2017-07-18,26524.939453125
2017-07-19,26672.16015625
2017-07-20,26740.2109375
2017-07-21,26706.08984375
2017-07-24,26846.830078125
2017-07-25,26852.05078125
2017-07-26,26941.01953125
2017-07-27,27131.169921875
2017-07-28,26979.390625
2017-07-31,27323.990234375
2017-08-01,27540.23046875
2017-08-02,27607.380859375
2017-08-03,27531.009765625
2017-08-04,27562.6796875
2017-08-07,27690.359375
2017-08-08,27854.91015625
2017-08-09,27757.08984375
2017-08-10,27444.0
2017-08-11,26883.509765625
2017-08-14,27250.23046875
2017-08-15,27174.9609375
2017-08-16,27409.0703125
2017-08-17,27344.220703125
2017-08-18,27047.5703125
2017-08-21,27154.6796875
2017-08-22,27401.669921875
2017-08-24,27518.599609375
2017-08-25,27848.16015625
2017-08-28,27863.2890625
2017-08-29,27765.009765625
2017-08-30,28094.609375
2017-08-31,27970.30078125
2017-09-01,27953.16015625
2017-09-04,27740.259765625
2017-09-05,27741.349609375
2017-09-06,27613.759765625
2017-09-07,27522.919921875
2017-09-08,27668.470703125
2017-09-11,27955.130859375
2017-09-12,27972.240234375
2017-09-13,27894.080078125
2017-09-14,27777.19921875
2017-09-15,27807.58984375
2017-09-18,28159.76953125
2017-09-19,28051.41015625
2017-09-20,28127.80078125
2017-09-21,28110.330078125
2017-09-22,27880.529296875
2017-09-25,27500.33984375
2017-09-26,27513.009765625
2017-09-27,27642.4296875
2017-09-28,27421.599609375
2017-09-29,27554.30078125
2017-10-03,28173.2109375
2017-10-04,28379.1796875
2017-10-06,28458.0390625
2017-10-09,28326.58984375
2017-10-10,28490.830078125
2017-10-11,28389.5703125
2017-10-12,28459.029296875
2017-10-13,28476.4296875
2017-10-16,28692.80078125
2017-10-17,28697.490234375
2017-10-18,28711.759765625
2017-10-19,28159.08984375
2017-10-20,28487.240234375
2017-10-23,28305.880859375
2017-10-24,28154.970703125
2017-10-25,28302.890625
2017-10-26,28202.380859375
2017-10-27,28438.849609375
2017-10-30,28336.189453125
2017-10-31,28245.5390625
2017-11-01,28594.060546875
2017-11-02,28518.640625
2017-11-03,28603.609375
2017-11-06,28596.80078125
2017-11-07,28994.33984375
2017-11-08,28907.599609375
2017-11-09,29136.5703125
2017-11-10,29120.919921875
2017-11-13,29182.1796875
2017-11-14,29152.119140625
2017-11-15,28851.689453125
2017-11-16,29018.759765625
2017-11-17,29199.0390625
2017-11-20,29260.310546875
2017-11-21,29818.0703125
2017-11-22,30003.490234375
2017-11-23,29707.939453125
2017-11-24,29866.3203125
2017-11-27,29686.189453125
2017-11-28,29680.849609375
2017-11-29,29623.830078125
2017-11-30,29177.349609375
2017-12-01,29074.240234375
2017-12-04,29138.279296875
2017-12-05,28842.80078125
2017-12-06,28224.80078125
2017-12-07,28303.189453125
2017-12-08,28639.849609375
2017-12-11,28965.2890625
2017-12-12,28793.880859375
2017-12-13,29222.099609375
2017-12-14,29166.380859375
2017-12-15,28848.109375
2017-12-18,29050.41015625
2017-12-19,29253.66015625
2017-12-20,29234.08984375
2017-12-21,29367.060546875
2017-12-22,29578.009765625
2017-12-27,29597.66015625
2017-12-28,29863.7109375
2017-12-29,29919.150390625
2018-01-02,30515.310546875
2018-01-03,30560.94921875
2018-01-04,30736.48046875
2018-01-05,30814.640625
2018-01-08,30899.529296875
2018-01-09,31011.41015625
2018-01-10,31073.720703125
2018-01-11,31120.390625
2018-01-12,31412.5390625
2018-01-15,31338.869140625
2018-01-16,31904.75
2018-01-17,31983.41015625
2018-01-18,32121.939453125
2018-01-19,32254.890625
2018-01-22,32393.41015625
2018-01-23,32930.69921875
2018-01-24,32958.69140625
2018-01-25,32654.44921875
2018-01-26,33154.12109375
2018-01-29,32966.890625
2018-01-30,32607.2890625
2018-01-31,32887.26953125
2018-02-01,32642.08984375
2018-02-02,32601.779296875
2018-02-05,32245.220703125
2018-02-06,30595.419921875
2018-02-07,30323.19921875
2018-02-08,30451.26953125
2018-02-09,29507.419921875
2018-02-12,29459.630859375
2018-02-13,29839.529296875
2018-02-14,30515.599609375
2018-02-15,31115.4296875
2018-02-20,30873.630859375
2018-02-21,31431.890625
2018-02-22,30965.6796875
2018-02-23,31267.169921875
2018-02-26,31498.599609375
2018-02-27,31268.66015625
2018-02-28,30844.720703125
2018-03-01,31044.25
2018-03-02,30583.44921875
2018-03-05,29886.390625
2018-03-06,30510.73046875
2018-03-07,30196.919921875
2018-03-08,30654.51953125
2018-03-09,30996.2109375
2018-03-12,31594.330078125
2018-03-13,31601.44921875
2018-03-14,31435.009765625
2018-03-15,31541.099609375
2018-03-16,31501.970703125
2018-03-19,31513.759765625
2018-03-20,31549.9296875
2018-03-21,31414.51953125
2018-03-22,31071.05078125
2018-03-23,30309.2890625
2018-03-26,30548.76953125
2018-03-27,30790.830078125
2018-03-28,30022.529296875
2018-03-29,30093.380859375
2018-04-03,30180.099609375
2018-04-04,29518.689453125
2018-04-06,29844.939453125
2018-04-09,30229.580078125
2018-04-10,30728.740234375
2018-04-11,30897.7109375
2018-04-12,30831.279296875
2018-04-13,30808.380859375
2018-04-16,30315.58984375
2018-04-17,30062.75
2018-04-18,30284.25
2018-04-19,30708.439453125
2018-04-20,30418.330078125
2018-04-23,30254.400390625
2018-04-24,30636.240234375
2018-04-25,30328.150390625
2018-04-26,30007.6796875
2018-04-27,30280.669921875
2018-04-30,30808.44921875
2018-05-02,30723.880859375
2018-05-03,30313.369140625
2018-05-04,29926.5
2018-05-07,29994.259765625
2018-05-08,30402.810546875
2018-05-09,30536.140625
2018-05-10,30809.220703125
2018-05-11,31122.060546875
2018-05-14,31541.080078125
2018-05-15,31152.029296875
2018-05-16,31110.19921875
2018-05-17,30942.150390625
2018-05-18,31047.91015625
2018-05-21,31234.349609375
2018-05-23,30665.640625
2018-05-24,30760.41015625
2018-05-25,30588.0390625
2018-05-28,30792.259765625
2018-05-29,30484.580078125
2018-05-30,30056.7890625
2018-05-31,30468.560546875
2018-06-01,30492.91015625
2018-06-04,30997.98046875
2018-06-05,31093.44921875
2018-06-06,31259.099609375
2018-06-07,31512.630859375
2018-06-08,30958.2109375
2018-06-11,31063.69921875
2018-06-12,31103.060546875
2018-06-13,30725.150390625
2018-06-14,30440.169921875
2018-06-15,30309.490234375
2018-06-19,29468.150390625
2018-06-20,29696.169921875
2018-06-21,29296.05078125
2018-06-22,29338.69921875
2018-06-25,28961.390625
2018-06-26,28881.400390625
2018-06-27,28356.259765625
2018-06-28,28497.3203125
2018-06-29,28955.109375
2018-07-03,28545.5703125
2018-07-04,28241.669921875
2018-07-05,28182.08984375
2018-07-06,28315.619140625
2018-07-09,28688.5
2018-07-10,28682.25
2018-07-11,28311.689453125
2018-07-12,28480.830078125
2018-07-13,28525.439453125
2018-07-16,28539.66015625
2018-07-17,28181.6796875
2018-07-18,28117.419921875
2018-07-19,28010.859375
2018-07-20,28224.48046875
2018-07-23,28256.119140625
2018-07-24,28662.5703125
2018-07-25,28920.900390625
2018-07-26,28781.140625
2018-07-27,28804.279296875
2018-07-30,28733.130859375
2018-07-31,28583.009765625
2018-08-01,28340.740234375
2018-08-02,27714.560546875
2018-08-03,27676.3203125
2018-08-06,27819.560546875
2018-08-07,28248.880859375
2018-08-08,28359.140625
2018-08-09,28607.30078125
2018-08-10,28366.619140625
2018-08-13,27936.5703125
2018-08-14,27752.9296875
2018-08-15,27323.58984375
2018-08-16,27100.060546875
2018-08-17,27213.41015625
2018-08-20,27598.01953125
2018-08-21,27752.7890625
2018-08-22,27927.580078125
2018-08-23,27790.4609375
2018-08-24,27671.869140625
2018-08-27,28271.26953125
2018-08-28,28351.619140625
2018-08-29,28416.439453125
2018-08-30,28164.05078125
2018-08-31,27888.55078125
2018-09-03,27712.5390625
2018-09-04,27973.33984375
2018-09-05,27243.849609375
2018-09-06,26974.8203125
2018-09-07,26973.470703125
2018-09-10,26613.419921875
2018-09-11,26422.55078125
2018-09-12,26345.0390625
2018-09-13,27014.490234375
2018-09-14,27286.41015625
2018-09-17,26932.849609375
2018-09-18,27084.66015625
2018-09-19,27407.369140625
2018-09-20,27477.669921875
2018-09-21,27953.580078125
2018-09-24,27499.390625
2018-09-26,27816.869140625
2018-09-27,27715.669921875
2018-09-28,27788.51953125
2018-10-02,27126.380859375
2018-10-03,27091.259765625
2018-10-04,26623.869140625
2018-10-05,26572.5703125
2018-10-08,26202.5703125
2018-10-09,26172.91015625
2018-10-10,26193.0703125
2018-10-11,25266.369140625
2018-10-12,25801.490234375
2018-10-15,25445.060546875
2018-10-16,25462.259765625
2018-10-18,25454.55078125
2018-10-19,25561.400390625
2018-10-22,26153.150390625
2018-10-23,25346.55078125
2018-10-24,25249.779296875
2018-10-25,24994.4609375
2018-10-26,24717.630859375
2018-10-29,24812.0390625
2018-10-30,24585.529296875
2018-10-31,24979.689453125
2018-11-01,25416.0
2018-11-02,26486.349609375
2018-11-05,25934.390625
2018-11-06,26120.9609375
2018-11-07,26147.689453125
2018-11-08,26227.720703125
2018-11-09,25601.919921875
2018-11-12,25633.1796875
2018-11-13,25792.869140625
2018-11-14,25654.4296875
2018-11-15,26103.33984375
2018-11-16,26183.529296875
2018-11-19,26372.0
2018-11-20,25840.33984375
2018-11-21,25971.470703125
2018-11-22,26019.41015625
2018-11-23,25927.6796875
2018-11-26,26376.1796875
2018-11-27,26331.9609375
2018-11-28,26682.560546875
2018-11-29,26451.029296875
2018-11-30,26506.75
2018-12-03,27182.0390625
2018-12-04,27260.439453125
2018-12-05,26819.6796875
2018-12-06,26156.380859375
2018-12-07,26063.759765625
2018-12-10,25752.380859375
2018-12-11,25771.669921875
2018-12-12,26186.7109375
2018-12-13,26524.349609375
2018-12-14,26094.7890625
2018-12-17,26087.98046875
2018-12-18,25814.25
2018-12-19,25865.390625
2018-12-20,25623.529296875
2018-12-21,25753.419921875
2018-12-24,25651.380859375
2018-12-27,25478.880859375
2018-12-28,25504.19921875
